ExpID,Dataset,Model,BatchSize,Optimizer,LR,PinMem,Epoch,TrainLoss,TrainAcc,ValLoss,ValAcc,Time_ms
1,MNIST,ResNet-18,16,SGD,0.001,FALSE,1,0.2919,91.42,0.0612,98.09,93514
1,MNIST,ResNet-18,16,SGD,0.001,FALSE,2,0.057,98.39,0.0379,98.81,97164
1,MNIST,ResNet-18,16,SGD,0.001,FALSE,3,0.0379,98.86,0.0335,98.9,97326
1,MNIST,ResNet-18,16,SGD,0.001,FALSE,4,0.0286,99.19,0.0324,98.99,97273
1,MNIST,ResNet-18,16,SGD,0.001,FALSE,5,0.0214,99.37,0.0249,99.27,98684
2,MNIST,ResNet-18,16,SGD,0.001,TRUE,1,0.297,91.27,0.0639,98.1,93188
2,MNIST,ResNet-18,16,SGD,0.001,TRUE,2,0.0568,98.39,0.0391,98.89,93115
2,MNIST,ResNet-18,16,SGD,0.001,TRUE,3,0.0362,98.96,0.0357,98.87,92656
2,MNIST,ResNet-18,16,SGD,0.001,TRUE,4,0.027,99.24,0.0396,98.87,92399
2,MNIST,ResNet-18,16,SGD,0.001,TRUE,5,0.02,99.44,0.0281,99.06,91803
3,MNIST,ResNet-18,16,SGD,0.001,FALSE,1,0.2995,91.25,0.0524,98.4,97598
3,MNIST,ResNet-18,16,SGD,0.001,FALSE,2,0.0598,98.25,0.0379,98.9,97316
3,MNIST,ResNet-18,16,SGD,0.001,FALSE,3,0.0395,98.89,0.032,98.89,97360
3,MNIST,ResNet-18,16,SGD,0.001,FALSE,4,0.0289,99.19,0.0206,99.27,97276
3,MNIST,ResNet-18,16,SGD,0.001,FALSE,5,0.0209,99.43,0.0217,99.2,97248
3,MNIST,ResNet-18,16,SGD,0.001,FALSE,6,0.0173,99.51,0.0211,99.24,97372
3,MNIST,ResNet-18,16,SGD,0.001,FALSE,7,0.0143,99.58,0.0197,99.34,97415
4,MNIST,ResNet-18,16,SGD,0.001,TRUE,1,0.2998,91.1,0.0604,98.14,91898
4,MNIST,ResNet-18,16,SGD,0.001,TRUE,2,0.0586,98.37,0.0336,98.91,91748
4,MNIST,ResNet-18,16,SGD,0.001,TRUE,3,0.0373,98.94,0.0382,98.87,91501
4,MNIST,ResNet-18,16,SGD,0.001,TRUE,4,0.0274,99.18,0.027,99.06,91854
4,MNIST,ResNet-18,16,SGD,0.001,TRUE,5,0.0204,99.42,0.0254,99.21,91874
4,MNIST,ResNet-18,16,SGD,0.001,TRUE,6,0.0146,99.61,0.025,99.19,91651
4,MNIST,ResNet-18,16,SGD,0.001,TRUE,7,0.0115,99.69,0.0261,99.11,91477
5,MNIST,ResNet-18,16,SGD,0.0001,FALSE,1,1.2879,67.25,0.4596,92.4,97842
5,MNIST,ResNet-18,16,SGD,0.0001,FALSE,2,0.3247,93.18,0.158,96.39,97648
5,MNIST,ResNet-18,16,SGD,0.0001,FALSE,3,0.1774,95.69,0.1105,97.16,97228
5,MNIST,ResNet-18,16,SGD,0.0001,FALSE,4,0.1338,96.6,0.0857,97.7,97051
5,MNIST,ResNet-18,16,SGD,0.0001,FALSE,5,0.1073,97.22,0.0674,98.06,97139
6,MNIST,ResNet-18,16,SGD,0.0001,TRUE,1,1.3102,66.44,0.5118,89.91,91821
6,MNIST,ResNet-18,16,SGD,0.0001,TRUE,2,0.337,92.89,0.176,95.8,91815
6,MNIST,ResNet-18,16,SGD,0.0001,TRUE,3,0.1763,95.78,0.1268,96.71,91983
6,MNIST,ResNet-18,16,SGD,0.0001,TRUE,4,0.1285,96.73,0.0861,97.57,91864
6,MNIST,ResNet-18,16,SGD,0.0001,TRUE,5,0.1009,97.34,0.0728,97.94,91702
7,MNIST,ResNet-18,16,SGD,0.0001,FALSE,1,1.2723,67.08,0.4623,91.51,97535
7,MNIST,ResNet-18,16,SGD,0.0001,FALSE,2,0.3379,92.97,0.1635,96.07,97286
7,MNIST,ResNet-18,16,SGD,0.0001,FALSE,3,0.1835,95.64,0.1055,97.17,97021
7,MNIST,ResNet-18,16,SGD,0.0001,FALSE,4,0.1335,96.62,0.0818,97.67,97046
7,MNIST,ResNet-18,16,SGD,0.0001,FALSE,5,0.1064,97.2,0.0656,98.17,96994
7,MNIST,ResNet-18,16,SGD,0.0001,FALSE,6,0.0889,97.65,0.058,98.39,97078
7,MNIST,ResNet-18,16,SGD,0.0001,FALSE,7,0.0767,97.98,0.0537,98.59,98758
8,MNIST,ResNet-18,16,SGD,0.0001,TRUE,1,1.2845,67.7,0.4687,91.86,93015
8,MNIST,ResNet-18,16,SGD,0.0001,TRUE,2,0.3377,92.92,0.1692,96.24,91999
8,MNIST,ResNet-18,16,SGD,0.0001,TRUE,3,0.1822,95.6,0.1131,97.19,91952
8,MNIST,ResNet-18,16,SGD,0.0001,TRUE,4,0.133,96.62,0.089,97.49,91898
8,MNIST,ResNet-18,16,SGD,0.0001,TRUE,5,0.1054,97.28,0.0699,97.99,91827
8,MNIST,ResNet-18,16,SGD,0.0001,TRUE,6,0.0897,97.56,0.0602,98.31,91729
8,MNIST,ResNet-18,16,SGD,0.0001,TRUE,7,0.0768,98.01,0.0513,98.53,91755
9,MNIST,ResNet-18,16,Adam,0.001,FALSE,1,0.1274,96.14,0.0457,98.66,103388
9,MNIST,ResNet-18,16,Adam,0.001,FALSE,2,0.0563,98.25,0.0344,98.91,102965
9,MNIST,ResNet-18,16,Adam,0.001,FALSE,3,0.0405,98.78,0.0265,99.31,102989
9,MNIST,ResNet-18,16,Adam,0.001,FALSE,4,0.0333,99.02,0.0264,99.24,102969
9,MNIST,ResNet-18,16,Adam,0.001,FALSE,5,0.0269,99.18,0.0368,98.9,102765
10,MNIST,ResNet-18,16,Adam,0.001,TRUE,1,0.1259,96.19,0.0695,97.96,97776
10,MNIST,ResNet-18,16,Adam,0.001,TRUE,2,0.0563,98.22,0.0392,98.84,97617
10,MNIST,ResNet-18,16,Adam,0.001,TRUE,3,0.0431,98.69,0.0314,99.04,97454
10,MNIST,ResNet-18,16,Adam,0.001,TRUE,4,0.033,98.99,0.0257,99.14,97342
10,MNIST,ResNet-18,16,Adam,0.001,TRUE,5,0.0267,99.17,0.0322,98.99,97474
11,MNIST,ResNet-18,16,Adam,0.001,FALSE,1,0.1235,96.24,0.1502,95.39,103290
11,MNIST,ResNet-18,16,Adam,0.001,FALSE,2,0.0548,98.32,0.0644,98.24,102794
11,MNIST,ResNet-18,16,Adam,0.001,FALSE,3,0.0425,98.7,0.0811,97.64,103085
11,MNIST,ResNet-18,16,Adam,0.001,FALSE,4,0.0329,99.01,0.0315,99.1,103078
11,MNIST,ResNet-18,16,Adam,0.001,FALSE,5,0.027,99.17,0.0563,98.39,102753
11,MNIST,ResNet-18,16,Adam,0.001,FALSE,6,0.0215,99.35,0.031,99.11,102811
11,MNIST,ResNet-18,16,Adam,0.001,FALSE,7,0.0179,99.42,0.0246,99.41,102891
12,MNIST,ResNet-18,16,Adam,0.001,TRUE,1,0.1271,96.06,0.071,97.84,97796
12,MNIST,ResNet-18,16,Adam,0.001,TRUE,2,0.0557,98.29,0.044,98.83,97921
12,MNIST,ResNet-18,16,Adam,0.001,TRUE,3,0.0442,98.62,0.0473,98.74,97853
12,MNIST,ResNet-18,16,Adam,0.001,TRUE,4,0.0308,99.03,0.0403,99.03,97545
12,MNIST,ResNet-18,16,Adam,0.001,TRUE,5,0.0256,99.22,0.0283,99.26,97555
12,MNIST,ResNet-18,16,Adam,0.001,TRUE,6,0.0219,99.34,0.033,99.11,97613
12,MNIST,ResNet-18,16,Adam,0.001,TRUE,7,0.0183,99.42,0.0325,99.07,97507
13,MNIST,ResNet-18,16,Adam,0.0001,FALSE,1,0.1243,96.51,0.037,99.01,104122
13,MNIST,ResNet-18,16,Adam,0.0001,FALSE,2,0.0451,98.69,0.0259,99.26,103861
13,MNIST,ResNet-18,16,Adam,0.0001,FALSE,3,0.0338,98.98,0.0404,98.59,103635
13,MNIST,ResNet-18,16,Adam,0.0001,FALSE,4,0.0263,99.26,0.0289,99.17,103883
13,MNIST,ResNet-18,16,Adam,0.0001,FALSE,5,0.0211,99.32,0.0289,99.09,103838
14,MNIST,ResNet-18,16,Adam,0.0001,TRUE,1,0.1237,96.59,0.0432,98.47,98291
14,MNIST,ResNet-18,16,Adam,0.0001,TRUE,2,0.0453,98.65,0.0395,98.83,98271
14,MNIST,ResNet-18,16,Adam,0.0001,TRUE,3,0.0311,99.05,0.0344,98.96,98041
14,MNIST,ResNet-18,16,Adam,0.0001,TRUE,4,0.0257,99.2,0.0363,98.89,98153
14,MNIST,ResNet-18,16,Adam,0.0001,TRUE,5,0.0219,99.28,0.0251,99.19,98002
15,MNIST,ResNet-18,16,Adam,0.0001,FALSE,1,0.1251,96.52,0.0626,98.11,104140
15,MNIST,ResNet-18,16,Adam,0.0001,FALSE,2,0.0439,98.68,0.0348,99,103360
15,MNIST,ResNet-18,16,Adam,0.0001,FALSE,3,0.0323,99,0.0263,99.2,103278
15,MNIST,ResNet-18,16,Adam,0.0001,FALSE,4,0.0266,99.18,0.0255,99.26,103380
15,MNIST,ResNet-18,16,Adam,0.0001,FALSE,5,0.0234,99.27,0.0296,99.01,103311
15,MNIST,ResNet-18,16,Adam,0.0001,FALSE,6,0.0174,99.49,0.0262,99.11,102934
15,MNIST,ResNet-18,16,Adam,0.0001,FALSE,7,0.0155,99.49,0.0488,98.44,103255
16,MNIST,ResNet-18,16,Adam,0.0001,TRUE,1,0.121,96.55,0.0293,99.06,97813
16,MNIST,ResNet-18,16,Adam,0.0001,TRUE,2,0.044,98.73,0.034,98.97,97916
16,MNIST,ResNet-18,16,Adam,0.0001,TRUE,3,0.0331,98.97,0.0309,98.97,97842
16,MNIST,ResNet-18,16,Adam,0.0001,TRUE,4,0.0258,99.21,0.0226,99.31,97921
16,MNIST,ResNet-18,16,Adam,0.0001,TRUE,5,0.0219,99.34,0.0276,99.2,97933
16,MNIST,ResNet-18,16,Adam,0.0001,TRUE,6,0.0192,99.38,0.0228,99.2,97778
16,MNIST,ResNet-18,16,Adam,0.0001,TRUE,7,0.0151,99.54,0.0185,99.4,97913
17,MNIST,ResNet-18,32,SGD,0.001,FALSE,1,0.4335,87.97,0.0828,97.81,87509
17,MNIST,ResNet-18,32,SGD,0.001,FALSE,2,0.0727,97.97,0.0508,98.63,86946
17,MNIST,ResNet-18,32,SGD,0.001,FALSE,3,0.0448,98.76,0.0538,98.33,87315
17,MNIST,ResNet-18,32,SGD,0.001,FALSE,4,0.0324,99.12,0.0438,98.74,87340
17,MNIST,ResNet-18,32,SGD,0.001,FALSE,5,0.0256,99.28,0.027,99.23,86967
18,MNIST,ResNet-18,32,SGD,0.001,TRUE,1,0.4491,87.69,0.1108,96.76,84087
18,MNIST,ResNet-18,32,SGD,0.001,TRUE,2,0.0747,97.97,0.0533,98.54,84192
18,MNIST,ResNet-18,32,SGD,0.001,TRUE,3,0.0479,98.66,0.039,98.93,84131
18,MNIST,ResNet-18,32,SGD,0.001,TRUE,4,0.0345,99.03,0.0399,98.8,84103
18,MNIST,ResNet-18,32,SGD,0.001,TRUE,5,0.0261,99.29,0.0316,99.07,84090
19,MNIST,ResNet-18,32,SGD,0.001,FALSE,1,0.427,88.39,0.0827,97.69,87073
19,MNIST,ResNet-18,32,SGD,0.001,FALSE,2,0.0711,98.03,0.0625,98.29,87175
19,MNIST,ResNet-18,32,SGD,0.001,FALSE,3,0.046,98.69,0.0544,98.34,87355
19,MNIST,ResNet-18,32,SGD,0.001,FALSE,4,0.0324,99.14,0.0372,98.93,87172
19,MNIST,ResNet-18,32,SGD,0.001,FALSE,5,0.0259,99.3,0.0381,98.91,87265
19,MNIST,ResNet-18,32,SGD,0.001,FALSE,6,0.0197,99.51,0.0263,99.21,87260
19,MNIST,ResNet-18,32,SGD,0.001,FALSE,7,0.0154,99.62,0.0312,99.03,87204
20,MNIST,ResNet-18,32,SGD,0.001,TRUE,1,0.4358,88.06,0.1196,96.57,84250
20,MNIST,ResNet-18,32,SGD,0.001,TRUE,2,0.0723,97.98,0.0554,98.39,83937
20,MNIST,ResNet-18,32,SGD,0.001,TRUE,3,0.0464,98.67,0.0435,98.59,84001
20,MNIST,ResNet-18,32,SGD,0.001,TRUE,4,0.0335,99.08,0.0371,98.87,84071
20,MNIST,ResNet-18,32,SGD,0.001,TRUE,5,0.0249,99.31,0.036,98.96,84056
20,MNIST,ResNet-18,32,SGD,0.001,TRUE,6,0.02,99.45,0.0363,98.97,84147
20,MNIST,ResNet-18,32,SGD,0.001,TRUE,7,0.0152,99.63,0.0279,99.23,84240
21,MNIST,ResNet-18,32,SGD,0.0001,FALSE,1,1.6929,54.96,1.1705,74.83,86994
21,MNIST,ResNet-18,32,SGD,0.0001,FALSE,2,0.8121,83.43,0.4673,90.86,86751
21,MNIST,ResNet-18,32,SGD,0.0001,FALSE,3,0.3766,92.37,0.2736,93.8,86818
21,MNIST,ResNet-18,32,SGD,0.0001,FALSE,4,0.2371,94.84,0.1811,95.69,87109
21,MNIST,ResNet-18,32,SGD,0.0001,FALSE,5,0.1759,95.88,0.1491,96.11,87326
22,MNIST,ResNet-18,32,SGD,0.0001,TRUE,1,1.7301,53.29,1.2485,76.7,84211
22,MNIST,ResNet-18,32,SGD,0.0001,TRUE,2,0.7997,85.67,0.4344,92.4,84228
22,MNIST,ResNet-18,32,SGD,0.0001,TRUE,3,0.3565,93.2,0.2305,95.23,84114
22,MNIST,ResNet-18,32,SGD,0.0001,TRUE,4,0.2243,95.08,0.2262,94.8,84217
22,MNIST,ResNet-18,32,SGD,0.0001,TRUE,5,0.169,96.02,0.1333,96.63,84172
23,MNIST,ResNet-18,32,SGD,0.0001,FALSE,1,1.6774,57.73,1.0531,82.36,87113
23,MNIST,ResNet-18,32,SGD,0.0001,FALSE,2,0.7067,87.32,0.4089,92.49,87085
23,MNIST,ResNet-18,32,SGD,0.0001,FALSE,3,0.3426,93.44,0.2395,95.37,87013
23,MNIST,ResNet-18,32,SGD,0.0001,FALSE,4,0.2215,95.17,0.1645,96.34,87183
23,MNIST,ResNet-18,32,SGD,0.0001,FALSE,5,0.1678,96.08,0.1331,96.67,87168
23,MNIST,ResNet-18,32,SGD,0.0001,FALSE,6,0.1393,96.61,0.1226,96.94,87030
23,MNIST,ResNet-18,32,SGD,0.0001,FALSE,7,0.1193,96.96,0.0953,97.49,86860
24,MNIST,ResNet-18,32,SGD,0.0001,TRUE,1,1.7441,53.17,1.1686,80.46,84316
24,MNIST,ResNet-18,32,SGD,0.0001,TRUE,2,0.7554,86.28,0.4229,92.71,83553
24,MNIST,ResNet-18,32,SGD,0.0001,TRUE,3,0.3347,93.44,0.2405,94.96,83937
24,MNIST,ResNet-18,32,SGD,0.0001,TRUE,4,0.2122,95.36,0.1555,96.63,83656
24,MNIST,ResNet-18,32,SGD,0.0001,TRUE,5,0.1613,96.19,0.12,97.01,84137
24,MNIST,ResNet-18,32,SGD,0.0001,TRUE,6,0.1328,96.74,0.1015,97.49,84224
24,MNIST,ResNet-18,32,SGD,0.0001,TRUE,7,0.1154,97.04,0.1093,97.04,84237
25,MNIST,ResNet-18,32,Adam,0.001,FALSE,1,0.1137,96.49,0.0555,98.46,89612
25,MNIST,ResNet-18,32,Adam,0.001,FALSE,2,0.0497,98.48,0.0378,99.01,89316
25,MNIST,ResNet-18,32,Adam,0.001,FALSE,3,0.038,98.8,0.049,98.67,89275
25,MNIST,ResNet-18,32,Adam,0.001,FALSE,4,0.0319,98.99,0.0343,99.09,89265
25,MNIST,ResNet-18,32,Adam,0.001,FALSE,5,0.0273,99.13,0.0357,99.16,89356
26,MNIST,ResNet-18,32,Adam,0.001,TRUE,1,0.1116,96.62,0.0661,98.13,86416
26,MNIST,ResNet-18,32,Adam,0.001,TRUE,2,0.0494,98.53,0.0378,98.81,85929
26,MNIST,ResNet-18,32,Adam,0.001,TRUE,3,0.0384,98.79,0.0367,98.84,86144
26,MNIST,ResNet-18,32,Adam,0.001,TRUE,4,0.032,98.99,0.0364,98.99,86232
26,MNIST,ResNet-18,32,Adam,0.001,TRUE,5,0.0274,99.08,0.1245,96.39,85824
27,MNIST,ResNet-18,32,Adam,0.001,FALSE,1,0.1147,96.48,0.0502,98.37,89342
27,MNIST,ResNet-18,32,Adam,0.001,FALSE,2,0.0503,98.43,0.0322,99,89096
27,MNIST,ResNet-18,32,Adam,0.001,FALSE,3,0.0376,98.83,0.0291,99.03,89046
27,MNIST,ResNet-18,32,Adam,0.001,FALSE,4,0.031,99,0.0296,99.16,89209
27,MNIST,ResNet-18,32,Adam,0.001,FALSE,5,0.0272,99.18,0.0448,98.67,89274
27,MNIST,ResNet-18,32,Adam,0.001,FALSE,6,0.0224,99.33,0.019,99.34,88899
27,MNIST,ResNet-18,32,Adam,0.001,FALSE,7,0.0202,99.35,0.0228,99.3,88827
28,MNIST,ResNet-18,32,Adam,0.001,TRUE,1,0.1126,96.57,0.0773,97.64,86312
28,MNIST,ResNet-18,32,Adam,0.001,TRUE,2,0.0487,98.5,0.0467,98.49,86192
28,MNIST,ResNet-18,32,Adam,0.001,TRUE,3,0.0399,98.75,0.036,99,85766
28,MNIST,ResNet-18,32,Adam,0.001,TRUE,4,0.0306,99.06,0.0425,98.71,86186
28,MNIST,ResNet-18,32,Adam,0.001,TRUE,5,0.0262,99.2,0.0286,99.16,85664
28,MNIST,ResNet-18,32,Adam,0.001,TRUE,6,0.0232,99.24,0.0267,99.27,85663
28,MNIST,ResNet-18,32,Adam,0.001,TRUE,7,0.0185,99.39,0.0431,98.87,85969
29,MNIST,ResNet-18,32,Adam,0.0001,FALSE,1,0.1308,96.36,0.0924,97.37,90035
29,MNIST,ResNet-18,32,Adam,0.0001,FALSE,2,0.0411,98.81,0.0319,98.97,89557
29,MNIST,ResNet-18,32,Adam,0.0001,FALSE,3,0.0301,99.12,0.0338,99.04,89340
29,MNIST,ResNet-18,32,Adam,0.0001,FALSE,4,0.0233,99.3,0.0261,99.23,89550
29,MNIST,ResNet-18,32,Adam,0.0001,FALSE,5,0.0199,99.42,0.0335,98.99,89539
30,MNIST,ResNet-18,32,Adam,0.0001,TRUE,1,0.1302,96.35,0.0882,97.21,86351
30,MNIST,ResNet-18,32,Adam,0.0001,TRUE,2,0.0373,98.89,0.0332,99.06,86530
30,MNIST,ResNet-18,32,Adam,0.0001,TRUE,3,0.0269,99.17,0.0305,99.06,86538
30,MNIST,ResNet-18,32,Adam,0.0001,TRUE,4,0.0221,99.35,0.0515,98.46,86223
30,MNIST,ResNet-18,32,Adam,0.0001,TRUE,5,0.0181,99.42,0.0252,99.34,86483
31,MNIST,ResNet-18,32,Adam,0.0001,FALSE,1,0.128,96.47,0.0485,98.53,89741
31,MNIST,ResNet-18,32,Adam,0.0001,FALSE,2,0.0379,98.85,0.0418,98.74,89608
31,MNIST,ResNet-18,32,Adam,0.0001,FALSE,3,0.0267,99.24,0.0476,98.63,89575
31,MNIST,ResNet-18,32,Adam,0.0001,FALSE,4,0.0235,99.26,0.0287,99.1,89645
31,MNIST,ResNet-18,32,Adam,0.0001,FALSE,5,0.0198,99.39,0.0411,98.8,89728
31,MNIST,ResNet-18,32,Adam,0.0001,FALSE,6,0.0153,99.51,0.0326,99.13,89546
31,MNIST,ResNet-18,32,Adam,0.0001,FALSE,7,0.0146,99.53,0.0352,99.01,89667
32,MNIST,ResNet-18,32,Adam,0.0001,TRUE,1,0.1303,96.4,0.0337,98.97,86755
32,MNIST,ResNet-18,32,Adam,0.0001,TRUE,2,0.0393,98.81,0.0471,98.64,86524
32,MNIST,ResNet-18,32,Adam,0.0001,TRUE,3,0.0292,99.06,0.0283,99.14,86139
32,MNIST,ResNet-18,32,Adam,0.0001,TRUE,4,0.0228,99.28,0.0323,98.97,86145
32,MNIST,ResNet-18,32,Adam,0.0001,TRUE,5,0.0191,99.43,0.0198,99.51,86446
32,MNIST,ResNet-18,32,Adam,0.0001,TRUE,6,0.0166,99.51,0.0283,99.17,86214
32,MNIST,ResNet-18,32,Adam,0.0001,TRUE,7,0.0141,99.57,0.0191,99.4,86297
33,MNIST,ResNet-50,16,SGD,0.001,FALSE,1,0.422,85.99,0.0693,97.89,250042
33,MNIST,ResNet-50,16,SGD,0.001,FALSE,2,0.0679,97.93,0.0496,98.7,248851
33,MNIST,ResNet-50,16,SGD,0.001,FALSE,3,0.0419,98.71,0.0318,99,249665
33,MNIST,ResNet-50,16,SGD,0.001,FALSE,4,0.0293,99.08,0.0284,99.1,249156
33,MNIST,ResNet-50,16,SGD,0.001,FALSE,5,0.0195,99.37,0.0301,99.1,248774
34,MNIST,ResNet-50,16,SGD,0.001,TRUE,1,0.4199,86.09,0.062,98.16,244335
34,MNIST,ResNet-50,16,SGD,0.001,TRUE,2,0.0676,97.89,0.0649,97.86,244274
34,MNIST,ResNet-50,16,SGD,0.001,TRUE,3,0.0429,98.63,0.0313,99.07,244355
34,MNIST,ResNet-50,16,SGD,0.001,TRUE,4,0.0295,99.04,0.0345,98.93,244415
34,MNIST,ResNet-50,16,SGD,0.001,TRUE,5,0.0213,99.33,0.0326,99.14,244595
35,MNIST,ResNet-50,16,SGD,0.001,FALSE,1,0.4142,86.41,0.1209,96.37,249052
35,MNIST,ResNet-50,16,SGD,0.001,FALSE,2,0.0662,98.04,0.0526,98.24,249081
35,MNIST,ResNet-50,16,SGD,0.001,FALSE,3,0.0417,98.74,0.0372,98.83,249256
35,MNIST,ResNet-50,16,SGD,0.001,FALSE,4,0.0294,99.1,0.0489,98.47,248592
35,MNIST,ResNet-50,16,SGD,0.001,FALSE,5,0.0207,99.34,0.032,98.97,249148
35,MNIST,ResNet-50,16,SGD,0.001,FALSE,6,0.0144,99.59,0.0328,99.03,249220
35,MNIST,ResNet-50,16,SGD,0.001,FALSE,7,0.0111,99.67,0.0268,99.13,249155
36,MNIST,ResNet-50,16,SGD,0.001,TRUE,1,0.4156,86.32,0.0815,97.61,244203
36,MNIST,ResNet-50,16,SGD,0.001,TRUE,2,0.0751,97.7,0.0546,98.39,244320
36,MNIST,ResNet-50,16,SGD,0.001,TRUE,3,0.0437,98.61,0.0447,98.64,243912
36,MNIST,ResNet-50,16,SGD,0.001,TRUE,4,0.0278,99.11,0.0295,99.07,244433
36,MNIST,ResNet-50,16,SGD,0.001,TRUE,5,0.0195,99.41,0.0257,99.24,244695
36,MNIST,ResNet-50,16,SGD,0.001,TRUE,6,0.0144,99.54,0.0298,99.09,243811
36,MNIST,ResNet-50,16,SGD,0.001,TRUE,7,0.0099,99.72,0.0308,99.06,244037
37,MNIST,ResNet-50,16,SGD,0.0001,FALSE,1,1.6473,42.51,1.081,67.8,250260
37,MNIST,ResNet-50,16,SGD,0.0001,FALSE,2,0.6524,82.07,0.2832,93.39,249900
37,MNIST,ResNet-50,16,SGD,0.0001,FALSE,3,0.2608,93.26,0.1408,96.29,249405
37,MNIST,ResNet-50,16,SGD,0.0001,FALSE,4,0.1662,95.53,0.1036,97.11,250082
37,MNIST,ResNet-50,16,SGD,0.0001,FALSE,5,0.1283,96.51,0.0819,97.7,249636
38,MNIST,ResNet-50,16,SGD,0.0001,TRUE,1,1.6432,42.31,1.038,75.76,244816
38,MNIST,ResNet-50,16,SGD,0.0001,TRUE,2,0.6444,82.49,0.2934,93.03,244290
38,MNIST,ResNet-50,16,SGD,0.0001,TRUE,3,0.2591,93.33,0.1537,95.87,243956
38,MNIST,ResNet-50,16,SGD,0.0001,TRUE,4,0.1629,95.67,0.1298,96.31,244505
38,MNIST,ResNet-50,16,SGD,0.0001,TRUE,5,0.126,96.47,0.0925,97.34,244804
39,MNIST,ResNet-50,16,SGD,0.0001,FALSE,1,1.5909,44.74,1.0484,66.99,249831
39,MNIST,ResNet-50,16,SGD,0.0001,FALSE,2,0.7057,79.15,0.3337,90.97,250073
39,MNIST,ResNet-50,16,SGD,0.0001,FALSE,3,0.287,92.46,0.1679,95.66,249099
39,MNIST,ResNet-50,16,SGD,0.0001,FALSE,4,0.1737,95.23,0.1178,96.77,249834
39,MNIST,ResNet-50,16,SGD,0.0001,FALSE,5,0.1294,96.39,0.0889,97.47,250123
39,MNIST,ResNet-50,16,SGD,0.0001,FALSE,6,0.1045,97.04,0.0772,97.61,249662
39,MNIST,ResNet-50,16,SGD,0.0001,FALSE,7,0.0859,97.5,0.0646,97.99,249478
40,MNIST,ResNet-50,16,SGD,0.001,FALSE,1,0.4242,85.9,0.0765,97.63,241356
40,MNIST,ResNet-50,16,SGD,0.001,FALSE,2,0.0774,97.63,0.0374,98.93,241467
40,MNIST,ResNet-50,16,SGD,0.001,FALSE,3,0.0484,98.52,0.0257,99.2,241082
40,MNIST,ResNet-50,16,SGD,0.001,FALSE,4,0.0338,98.95,0.0384,98.83,242550
40,MNIST,ResNet-50,16,SGD,0.001,FALSE,5,0.0222,99.34,0.0255,99.2,242715
41,MNIST,ResNet-50,16,SGD,0.001,FALSE,1,0.4425,85.52,0.0511,98.39,244107
41,MNIST,ResNet-50,16,SGD,0.001,FALSE,2,0.0756,97.68,0.0558,98.49,242042
41,MNIST,ResNet-50,16,SGD,0.001,FALSE,3,0.0473,98.58,0.0258,99.19,242750
41,MNIST,ResNet-50,16,SGD,0.001,FALSE,4,0.0317,98.97,0.0309,99.1,243190
41,MNIST,ResNet-50,16,SGD,0.001,FALSE,5,0.0199,99.36,0.0258,99.19,241926
42,MNIST,ResNet-50,16,SGD,0.001,TRUE,1,0.4307,85.7,0.0731,97.71,235024
42,MNIST,ResNet-50,16,SGD,0.001,TRUE,2,0.071,97.74,0.0429,98.64,234004
42,MNIST,ResNet-50,16,SGD,0.001,TRUE,3,0.0425,98.6,0.0453,98.56,235376
42,MNIST,ResNet-50,16,SGD,0.001,TRUE,4,0.03,99.01,0.0393,98.86,235274
42,MNIST,ResNet-50,16,SGD,0.001,TRUE,5,0.0215,99.33,0.0309,99.16,235838
43,MNIST,ResNet-50,16,SGD,0.001,FALSE,1,0.4172,86.22,0.0759,97.57,241777
43,MNIST,ResNet-50,16,SGD,0.001,FALSE,2,0.0722,97.81,0.0436,98.49,240840
43,MNIST,ResNet-50,16,SGD,0.001,FALSE,3,0.0407,98.7,0.041,98.69,241614
43,MNIST,ResNet-50,16,SGD,0.001,FALSE,4,0.0274,99.18,0.0318,98.9,241811
43,MNIST,ResNet-50,16,SGD,0.001,FALSE,5,0.0196,99.41,0.0251,99.13,241196
43,MNIST,ResNet-50,16,SGD,0.001,FALSE,6,0.0148,99.57,0.0268,99.16,241780
43,MNIST,ResNet-50,16,SGD,0.001,FALSE,7,0.0116,99.64,0.0249,99.17,242275
44,MNIST,ResNet-50,16,SGD,0.001,TRUE,1,0.4326,85.88,0.0741,97.69,234264
44,MNIST,ResNet-50,16,SGD,0.001,TRUE,2,0.0715,97.78,0.0459,98.51,234583
44,MNIST,ResNet-50,16,SGD,0.001,TRUE,3,0.0414,98.73,0.0356,98.73,235618
44,MNIST,ResNet-50,16,SGD,0.001,TRUE,4,0.0273,99.11,0.033,98.94,235238
44,MNIST,ResNet-50,16,SGD,0.001,TRUE,5,0.0181,99.42,0.0344,98.94,234649
44,MNIST,ResNet-50,16,SGD,0.001,TRUE,6,0.0121,99.64,0.0375,98.9,235196
44,MNIST,ResNet-50,16,SGD,0.001,TRUE,7,0.0109,99.65,0.0279,99.26,234618
45,MNIST,ResNet-50,16,SGD,0.001,TRUE,1,0.415,86.35,0.0643,97.79,249062
45,MNIST,ResNet-50,16,SGD,0.001,TRUE,2,0.075,97.75,0.0597,98.24,248935
45,MNIST,ResNet-50,16,SGD,0.001,TRUE,3,0.0439,98.67,0.0436,98.66,249151
45,MNIST,ResNet-50,16,SGD,0.001,TRUE,4,0.031,99.04,0.0286,99.13,249210
45,MNIST,ResNet-50,16,SGD,0.001,TRUE,5,0.021,99.32,0.0284,99.03,249148
45,MNIST,ResNet-50,16,SGD,0.001,TRUE,6,0.0156,99.54,0.0307,98.96,249283
45,MNIST,ResNet-50,16,SGD,0.001,TRUE,7,0.0115,99.65,0.0263,99.2,249405
46,MNIST,ResNet-50,16,SGD,0.0001,FALSE,1,1.659,42.2,0.9814,76.56,255780
46,MNIST,ResNet-50,16,SGD,0.0001,FALSE,2,0.5803,85.12,0.2477,94.01,254464
46,MNIST,ResNet-50,16,SGD,0.0001,FALSE,3,0.2442,93.66,0.14,96.26,254583
46,MNIST,ResNet-50,16,SGD,0.0001,FALSE,4,0.1631,95.56,0.1008,97.21,255400
46,MNIST,ResNet-50,16,SGD,0.0001,FALSE,5,0.1225,96.69,0.081,97.66,254293
47,MNIST,ResNet-50,16,SGD,0.0001,TRUE,1,1.6558,42.48,0.9889,76.03,249528
47,MNIST,ResNet-50,16,SGD,0.0001,TRUE,2,0.5783,85.12,0.251,93.9,249711
47,MNIST,ResNet-50,16,SGD,0.0001,TRUE,3,0.2343,93.97,0.1361,96.31,249671
47,MNIST,ResNet-50,16,SGD,0.0001,TRUE,4,0.1597,95.65,0.111,96.93,248777
47,MNIST,ResNet-50,16,SGD,0.0001,TRUE,5,0.1229,96.55,0.0871,97.33,249509
48,MNIST,ResNet-50,16,SGD,0.0001,FALSE,1,1.6367,43.56,1.0294,67.91,254905
48,MNIST,ResNet-50,16,SGD,0.0001,FALSE,2,0.6475,82.02,0.3166,91.97,254532
48,MNIST,ResNet-50,16,SGD,0.0001,FALSE,3,0.2644,93.02,0.1435,96.04,254098
48,MNIST,ResNet-50,16,SGD,0.0001,FALSE,4,0.1681,95.46,0.1134,96.86,254313
48,MNIST,ResNet-50,16,SGD,0.0001,FALSE,5,0.1254,96.46,0.0891,97.23,254220
48,MNIST,ResNet-50,16,SGD,0.0001,FALSE,6,0.1017,97.12,0.0816,97.53,254313
48,MNIST,ResNet-50,16,SGD,0.0001,FALSE,7,0.083,97.74,0.0733,97.8,254940
49,MNIST,ResNet-50,16,SGD,0.0001,TRUE,1,1.5474,46.97,0.879,75.39,249587
49,MNIST,ResNet-50,16,SGD,0.0001,TRUE,2,0.5737,84.29,0.2815,93.39,249056
49,MNIST,ResNet-50,16,SGD,0.0001,TRUE,3,0.241,93.61,0.1364,96.43,248458
49,MNIST,ResNet-50,16,SGD,0.0001,TRUE,4,0.1621,95.46,0.1078,97.16,248327
49,MNIST,ResNet-50,16,SGD,0.0001,TRUE,5,0.1229,96.67,0.0903,97.46,248911
49,MNIST,ResNet-50,16,SGD,0.0001,TRUE,6,0.1034,97.1,0.0684,97.83,248696
49,MNIST,ResNet-50,16,SGD,0.0001,TRUE,7,0.087,97.56,0.0642,98.09,248433
50,MNIST,ResNet-50,16,Adam,0.001,FALSE,1,0.2152,93.67,0.0596,98.26,264739
50,MNIST,ResNet-50,16,Adam,0.001,FALSE,2,0.0941,97.32,0.0421,98.53,264058
50,MNIST,ResNet-50,16,Adam,0.001,FALSE,3,0.068,97.92,0.0374,98.83,263913
50,MNIST,ResNet-50,16,Adam,0.001,FALSE,4,0.0505,98.44,0.0258,99.26,263636
50,MNIST,ResNet-50,16,Adam,0.001,FALSE,5,0.0398,98.77,0.0316,98.86,263843
51,MNIST,ResNet-50,16,Adam,0.001,TRUE,1,0.2213,93.49,0.1251,96.77,259939
51,MNIST,ResNet-50,16,Adam,0.001,TRUE,2,0.0981,97.17,0.0989,96.99,258844
51,MNIST,ResNet-50,16,Adam,0.001,TRUE,3,0.0685,97.9,0.037,98.91,258603
51,MNIST,ResNet-50,16,Adam,0.001,TRUE,4,0.0535,98.41,0.0423,98.56,258819
51,MNIST,ResNet-50,16,Adam,0.001,TRUE,5,0.0411,98.72,0.0487,98.6,258318
52,MNIST,ResNet-50,16,Adam,0.001,FALSE,1,0.2073,93.81,0.1304,96.2,264719
52,MNIST,ResNet-50,16,Adam,0.001,FALSE,2,0.0907,97.34,0.0937,97.46,263676
52,MNIST,ResNet-50,16,Adam,0.001,FALSE,3,0.0643,98.08,0.0757,97.83,263648
52,MNIST,ResNet-50,16,Adam,0.001,FALSE,4,0.0474,98.54,0.0499,98.73,263783
52,MNIST,ResNet-50,16,Adam,0.001,FALSE,5,0.0393,98.81,0.0419,98.89,263617
52,MNIST,ResNet-50,16,Adam,0.001,FALSE,6,0.0323,99.05,0.0399,98.8,263687
52,MNIST,ResNet-50,16,Adam,0.001,FALSE,7,0.0276,99.14,0.0358,99,263027
53,MNIST,ResNet-50,16,Adam,0.001,TRUE,1,0.2142,93.84,0.1266,96.43,259774
53,MNIST,ResNet-50,16,Adam,0.001,TRUE,2,0.0915,97.37,0.1107,97.19,258766
53,MNIST,ResNet-50,16,Adam,0.001,TRUE,3,0.0686,97.97,0.0655,98.09,258852
53,MNIST,ResNet-50,16,Adam,0.001,TRUE,4,0.0515,98.49,0.0399,98.9,258849
53,MNIST,ResNet-50,16,Adam,0.001,TRUE,5,0.0408,98.77,0.0272,99.13,258823
53,MNIST,ResNet-50,16,Adam,0.001,TRUE,6,0.0329,98.98,0.0308,98.96,258436
53,MNIST,ResNet-50,16,Adam,0.001,TRUE,7,0.027,99.16,0.0299,99.06,258051
54,MNIST,ResNet-50,16,Adam,0.0001,FALSE,1,0.1815,94.44,0.0573,98.23,266657
54,MNIST,ResNet-50,16,Adam,0.0001,FALSE,2,0.0594,98.16,0.041,98.66,266413
54,MNIST,ResNet-50,16,Adam,0.0001,FALSE,3,0.0468,98.58,0.0312,98.99,265708
54,MNIST,ResNet-50,16,Adam,0.0001,FALSE,4,0.0406,98.68,0.0288,99.1,265093
54,MNIST,ResNet-50,16,Adam,0.0001,FALSE,5,0.0304,99.06,0.0367,99.07,265155
55,MNIST,ResNet-50,16,Adam,0.0001,TRUE,1,0.1872,94.18,0.049,98.4,261622
55,MNIST,ResNet-50,16,Adam,0.0001,TRUE,2,0.06,98.2,0.0419,98.71,261428
55,MNIST,ResNet-50,16,Adam,0.0001,TRUE,3,0.0487,98.51,0.0473,98.66,260498
55,MNIST,ResNet-50,16,Adam,0.0001,TRUE,4,0.0374,98.87,0.0406,98.93,260524
55,MNIST,ResNet-50,16,Adam,0.0001,TRUE,5,0.0316,99.02,0.0337,98.96,260424
56,MNIST,ResNet-50,16,Adam,0.0001,FALSE,1,0.1889,94.08,0.0398,98.79,267711
56,MNIST,ResNet-50,16,Adam,0.0001,FALSE,2,0.0602,98.12,0.0441,98.49,266943
56,MNIST,ResNet-50,16,Adam,0.0001,FALSE,3,0.0466,98.58,0.0546,98.24,265775
56,MNIST,ResNet-50,16,Adam,0.0001,FALSE,4,0.0391,98.72,0.0372,98.9,266084
56,MNIST,ResNet-50,16,Adam,0.0001,FALSE,5,0.0322,98.98,0.0227,99.36,265468
56,MNIST,ResNet-50,16,Adam,0.0001,FALSE,6,0.0275,99.14,0.0336,98.91,265740
56,MNIST,ResNet-50,16,Adam,0.0001,FALSE,7,0.023,99.26,0.0397,98.86,265653
57,MNIST,ResNet-50,16,SGD,0.001,FALSE,1,0.4307,85.81,0.0962,97.13,238140
57,MNIST,ResNet-50,16,SGD,0.001,FALSE,2,0.0752,97.72,0.0472,98.57,236790
57,MNIST,ResNet-50,16,SGD,0.001,FALSE,3,0.0427,98.66,0.0569,98.41,237309
57,MNIST,ResNet-50,16,SGD,0.001,FALSE,4,0.0305,99.01,0.0347,98.89,237293
57,MNIST,ResNet-50,16,SGD,0.001,FALSE,5,0.0205,99.35,0.0406,98.76,236904
58,MNIST,ResNet-50,16,SGD,0.001,TRUE,1,0.4283,85.82,0.0728,97.64,230070
58,MNIST,ResNet-50,16,SGD,0.001,TRUE,2,0.0703,97.86,0.041,98.71,230213
58,MNIST,ResNet-50,16,SGD,0.001,TRUE,3,0.0435,98.62,0.0406,98.74,230687
58,MNIST,ResNet-50,16,SGD,0.001,TRUE,4,0.028,99.18,0.0275,99.11,230298
58,MNIST,ResNet-50,16,SGD,0.001,TRUE,5,0.018,99.44,0.0238,99.19,230226
59,MNIST,ResNet-50,16,SGD,0.001,FALSE,1,0.4208,86.06,0.0629,97.99,237441
59,MNIST,ResNet-50,16,SGD,0.001,FALSE,2,0.0736,97.69,0.0373,98.76,237340
59,MNIST,ResNet-50,16,SGD,0.001,FALSE,3,0.0422,98.69,0.0355,98.89,237349
59,MNIST,ResNet-50,16,SGD,0.001,FALSE,4,0.0313,98.97,0.0301,99.03,236829
59,MNIST,ResNet-50,16,SGD,0.001,FALSE,5,0.0201,99.33,0.0254,99.23,237587
59,MNIST,ResNet-50,16,SGD,0.001,FALSE,6,0.0141,99.57,0.0294,99.11,237081
59,MNIST,ResNet-50,16,SGD,0.001,FALSE,7,0.0113,99.67,0.0228,99.31,237094
60,MNIST,ResNet-50,16,SGD,0.001,TRUE,1,0.4186,86.37,0.1063,96.64,230279
60,MNIST,ResNet-50,16,SGD,0.001,TRUE,2,0.0735,97.78,0.0562,98.44,230193
60,MNIST,ResNet-50,16,SGD,0.001,TRUE,3,0.0428,98.69,0.0357,99,230448
60,MNIST,ResNet-50,16,SGD,0.001,TRUE,4,0.0297,99.03,0.0288,99.17,230650
60,MNIST,ResNet-50,16,SGD,0.001,TRUE,5,0.0191,99.4,0.0325,99.16,230041
60,MNIST,ResNet-50,16,SGD,0.001,TRUE,6,0.0149,99.51,0.0292,99.2,229493
60,MNIST,ResNet-50,16,SGD,0.001,TRUE,7,0.0113,99.65,0.0297,99.26,229494
61,MNIST,ResNet-50,16,SGD,0.0001,FALSE,1,1.597,45.17,0.971,70.89,236174
61,MNIST,ResNet-50,16,SGD,0.0001,FALSE,2,0.5839,84.51,0.3344,91.2,236245
61,MNIST,ResNet-50,16,SGD,0.0001,FALSE,3,0.2454,93.56,0.1453,95.97,235943
61,MNIST,ResNet-50,16,SGD,0.0001,FALSE,4,0.1614,95.58,0.1122,96.43,236485
61,MNIST,ResNet-50,16,SGD,0.0001,FALSE,5,0.1223,96.63,0.0802,97.57,236900
62,MNIST,ResNet-50,16,SGD,0.0001,TRUE,1,1.6355,43.5,0.9992,73.31,230224
62,MNIST,ResNet-50,16,SGD,0.0001,TRUE,2,0.6563,81.25,0.2997,92.73,230000
62,MNIST,ResNet-50,16,SGD,0.0001,TRUE,3,0.2718,92.85,0.1442,95.94,229980
62,MNIST,ResNet-50,16,SGD,0.0001,TRUE,4,0.1677,95.35,0.1063,97.13,230313
62,MNIST,ResNet-50,16,SGD,0.0001,TRUE,5,0.1249,96.48,0.0787,97.83,230592
63,MNIST,ResNet-50,16,SGD,0.0001,FALSE,1,1.6337,42.73,1.037,74.03,237485
63,MNIST,ResNet-50,16,SGD,0.0001,FALSE,2,0.6237,83.55,0.2563,93.79,237527
63,MNIST,ResNet-50,16,SGD,0.0001,FALSE,3,0.2436,93.85,0.1421,96,238289
63,MNIST,ResNet-50,16,SGD,0.0001,FALSE,4,0.1554,95.78,0.108,96.89,237527
63,MNIST,ResNet-50,16,SGD,0.0001,FALSE,5,0.1225,96.61,0.0913,97.24,238016
63,MNIST,ResNet-50,16,SGD,0.0001,FALSE,6,0.0996,97.17,0.0763,97.87,237601
63,MNIST,ResNet-50,16,SGD,0.0001,FALSE,7,0.0862,97.58,0.0706,97.8,237807
64,MNIST,ResNet-50,16,SGD,0.0001,TRUE,1,1.6256,44.28,0.9735,72.84,230653
64,MNIST,ResNet-50,16,SGD,0.0001,TRUE,2,0.6254,82.68,0.2613,93.73,230569
64,MNIST,ResNet-50,16,SGD,0.0001,TRUE,3,0.2585,93.13,0.1423,96.39,230530
64,MNIST,ResNet-50,16,SGD,0.0001,TRUE,4,0.165,95.46,0.1126,96.81,230535
64,MNIST,ResNet-50,16,SGD,0.0001,TRUE,5,0.1244,96.53,0.0809,97.9,230533
64,MNIST,ResNet-50,16,SGD,0.0001,TRUE,6,0.1007,97.15,0.0674,97.93,230404
64,MNIST,ResNet-50,16,SGD,0.0001,TRUE,7,0.0834,97.58,0.0614,98.3,230446
65,FashionMNIST,ResNet-18,16,SGD,0.001,FALSE,1,0.5627,79.94,0.3783,86.04,95335
65,FashionMNIST,ResNet-18,16,SGD,0.001,FALSE,2,0.3121,88.68,0.2691,90.47,96716
65,FashionMNIST,ResNet-18,16,SGD,0.001,FALSE,3,0.2462,91.08,0.2543,90.67,96442
65,FashionMNIST,ResNet-18,16,SGD,0.001,FALSE,4,0.2105,92.48,0.2221,91.73,96603
65,FashionMNIST,ResNet-18,16,SGD,0.001,FALSE,5,0.1722,93.86,0.2393,91.47,96475
66,FashionMNIST,ResNet-18,16,SGD,0.001,TRUE,1,0.5646,80.05,0.3564,87.44,90774
66,FashionMNIST,ResNet-18,16,SGD,0.001,TRUE,2,0.3152,88.58,0.2906,89.71,90763
66,FashionMNIST,ResNet-18,16,SGD,0.001,TRUE,3,0.2568,90.71,0.2703,90.66,90991
66,FashionMNIST,ResNet-18,16,SGD,0.001,TRUE,4,0.2176,92.1,0.2601,90.3,90819
66,FashionMNIST,ResNet-18,16,SGD,0.001,TRUE,5,0.1838,93.46,0.2273,92.13,90705
67,FashionMNIST,ResNet-18,16,SGD,0.001,FALSE,1,0.5629,79.71,0.3506,87.26,96821
67,FashionMNIST,ResNet-18,16,SGD,0.001,FALSE,2,0.315,88.55,0.2978,89.61,96433
67,FashionMNIST,ResNet-18,16,SGD,0.001,FALSE,3,0.2542,90.81,0.2724,90.33,96508
67,FashionMNIST,ResNet-18,16,SGD,0.001,FALSE,4,0.2135,92.39,0.235,91.69,96510
67,FashionMNIST,ResNet-18,16,SGD,0.001,FALSE,5,0.1827,93.31,0.2414,91.97,96263
67,FashionMNIST,ResNet-18,16,SGD,0.001,FALSE,6,0.1563,94.38,0.227,92.1,96523
67,FashionMNIST,ResNet-18,16,SGD,0.001,FALSE,7,0.125,95.5,0.2512,91.63,96756
68,FashionMNIST,ResNet-18,16,SGD,0.001,TRUE,1,0.5771,79.56,0.4359,83.87,90558
68,FashionMNIST,ResNet-18,16,SGD,0.001,TRUE,2,0.3245,88.48,0.2995,88.81,90577
68,FashionMNIST,ResNet-18,16,SGD,0.001,TRUE,3,0.259,90.65,0.239,91.5,90760
68,FashionMNIST,ResNet-18,16,SGD,0.001,TRUE,4,0.2194,92.06,0.2151,92.26,90957
68,FashionMNIST,ResNet-18,16,SGD,0.001,TRUE,5,0.1834,93.39,0.2261,91.77,91006
68,FashionMNIST,ResNet-18,16,SGD,0.001,TRUE,6,0.1583,94.36,0.2237,92.44,90971
68,FashionMNIST,ResNet-18,16,SGD,0.001,TRUE,7,0.1301,95.47,0.2036,93.27,90709
69,FashionMNIST,ResNet-18,16,SGD,0.0001,FALSE,1,1.1521,64,0.69,76.39,96468
69,FashionMNIST,ResNet-18,16,SGD,0.0001,FALSE,2,0.6375,77.7,0.5195,81.76,96526
69,FashionMNIST,ResNet-18,16,SGD,0.0001,FALSE,3,0.4967,82.69,0.428,85,96359
69,FashionMNIST,ResNet-18,16,SGD,0.0001,FALSE,4,0.4188,85.26,0.3775,86.77,96479
69,FashionMNIST,ResNet-18,16,SGD,0.0001,FALSE,5,0.3697,86.99,0.342,88.24,96637
70,FashionMNIST,ResNet-18,16,SGD,0.0001,TRUE,1,1.1517,65.18,0.6806,77.26,90914
70,FashionMNIST,ResNet-18,16,SGD,0.0001,TRUE,2,0.6104,79.49,0.5252,81.64,90851
70,FashionMNIST,ResNet-18,16,SGD,0.0001,TRUE,3,0.4795,83.58,0.4125,85.39,90874
70,FashionMNIST,ResNet-18,16,SGD,0.0001,TRUE,4,0.4125,85.72,0.3581,87.57,90914
70,FashionMNIST,ResNet-18,16,SGD,0.0001,TRUE,5,0.3693,87.06,0.3184,88.84,91039
71,FashionMNIST,ResNet-18,16,SGD,0.0001,FALSE,1,1.1505,64.06,0.6876,74.8,96368
71,FashionMNIST,ResNet-18,16,SGD,0.0001,FALSE,2,0.6259,78.02,0.5176,80.96,96220
71,FashionMNIST,ResNet-18,16,SGD,0.0001,FALSE,3,0.4904,82.98,0.419,85.37,96334
71,FashionMNIST,ResNet-18,16,SGD,0.0001,FALSE,4,0.4187,85.45,0.3671,87.03,96387
71,FashionMNIST,ResNet-18,16,SGD,0.0001,FALSE,5,0.372,86.91,0.343,87.79,96266
71,FashionMNIST,ResNet-18,16,SGD,0.0001,FALSE,6,0.3397,88.1,0.3121,88.93,96113
71,FashionMNIST,ResNet-18,16,SGD,0.0001,FALSE,7,0.3176,88.77,0.3018,89.31,96282
72,FashionMNIST,ResNet-18,16,SGD,0.0001,TRUE,1,1.1276,65.34,0.7132,74.33,90892
72,FashionMNIST,ResNet-18,16,SGD,0.0001,TRUE,2,0.6287,77.74,0.5941,79.49,90779
72,FashionMNIST,ResNet-18,16,SGD,0.0001,TRUE,3,0.4993,82.36,0.4618,84.34,90587
72,FashionMNIST,ResNet-18,16,SGD,0.0001,TRUE,4,0.4281,84.84,0.3897,86.07,90625
72,FashionMNIST,ResNet-18,16,SGD,0.0001,TRUE,5,0.3774,86.61,0.3512,87.59,90802
72,FashionMNIST,ResNet-18,16,SGD,0.0001,TRUE,6,0.3428,87.87,0.3269,88.21,90931
72,FashionMNIST,ResNet-18,16,SGD,0.0001,TRUE,7,0.315,88.97,0.3172,88.79,90815
73,FashionMNIST,ResNet-18,16,Adam,0.001,FALSE,1,0.468,82.88,0.3001,88.69,102585
73,FashionMNIST,ResNet-18,16,Adam,0.001,FALSE,2,0.2934,89.3,0.2711,90.44,102307
73,FashionMNIST,ResNet-18,16,Adam,0.001,FALSE,3,0.2401,91.28,0.2386,90.99,102035
73,FashionMNIST,ResNet-18,16,Adam,0.001,FALSE,4,0.202,92.64,0.2125,92.39,102116
73,FashionMNIST,ResNet-18,16,Adam,0.001,FALSE,5,0.1735,93.65,0.2686,90.6,102115
74,FashionMNIST,ResNet-18,16,Adam,0.001,TRUE,1,0.4658,83.08,0.2883,89.31,96562
74,FashionMNIST,ResNet-18,16,Adam,0.001,TRUE,2,0.2928,89.44,0.2827,89.59,96660
74,FashionMNIST,ResNet-18,16,Adam,0.001,TRUE,3,0.2379,91.31,0.2886,90.26,96379
74,FashionMNIST,ResNet-18,16,Adam,0.001,TRUE,4,0.2014,92.59,0.2264,91.74,96250
74,FashionMNIST,ResNet-18,16,Adam,0.001,TRUE,5,0.1702,93.79,0.2383,91.96,96369
75,FashionMNIST,ResNet-18,16,Adam,0.001,FALSE,1,0.469,82.93,0.2945,89.63,102401
75,FashionMNIST,ResNet-18,16,Adam,0.001,FALSE,2,0.2952,89.43,0.2994,89.34,102069
75,FashionMNIST,ResNet-18,16,Adam,0.001,FALSE,3,0.244,91.06,0.2469,91.13,102123
75,FashionMNIST,ResNet-18,16,Adam,0.001,FALSE,4,0.2072,92.43,0.2203,92.17,102073
75,FashionMNIST,ResNet-18,16,Adam,0.001,FALSE,5,0.1769,93.55,0.2642,91.36,102035
75,FashionMNIST,ResNet-18,16,Adam,0.001,FALSE,6,0.1451,94.77,0.2068,92.89,102201
75,FashionMNIST,ResNet-18,16,Adam,0.001,FALSE,7,0.116,95.81,0.22,93.1,101861
76,FashionMNIST,ResNet-18,16,Adam,0.001,TRUE,1,0.4732,82.66,0.3449,87.33,96529
76,FashionMNIST,ResNet-18,16,Adam,0.001,TRUE,2,0.2968,89.28,0.2641,90.44,96192
76,FashionMNIST,ResNet-18,16,Adam,0.001,TRUE,3,0.2485,91.03,0.2278,91.9,96466
76,FashionMNIST,ResNet-18,16,Adam,0.001,TRUE,4,0.21,92.42,0.2074,92.31,96146
76,FashionMNIST,ResNet-18,16,Adam,0.001,TRUE,5,0.1794,93.43,0.1937,93.17,96217
76,FashionMNIST,ResNet-18,16,Adam,0.001,TRUE,6,0.15,94.52,0.1926,93.69,96318
76,FashionMNIST,ResNet-18,16,Adam,0.001,TRUE,7,0.1207,95.56,0.1937,93.64,96258
77,FashionMNIST,ResNet-18,16,Adam,0.0001,FALSE,1,0.4272,84.62,0.2922,89.44,102568
77,FashionMNIST,ResNet-18,16,Adam,0.0001,FALSE,2,0.2619,90.57,0.2801,89.6,102817
77,FashionMNIST,ResNet-18,16,Adam,0.0001,FALSE,3,0.2126,92.22,0.216,92.33,102476
77,FashionMNIST,ResNet-18,16,Adam,0.0001,FALSE,4,0.1734,93.86,0.2153,92.6,102640
77,FashionMNIST,ResNet-18,16,Adam,0.0001,FALSE,5,0.1412,94.88,0.2084,92.51,102402
78,FashionMNIST,ResNet-18,16,Adam,0.0001,TRUE,1,0.4236,84.69,0.2979,88.6,96719
78,FashionMNIST,ResNet-18,16,Adam,0.0001,TRUE,2,0.2607,90.56,0.2374,91.29,96491
78,FashionMNIST,ResNet-18,16,Adam,0.0001,TRUE,3,0.2105,92.38,0.2138,92.11,96670
78,FashionMNIST,ResNet-18,16,Adam,0.0001,TRUE,4,0.1741,93.66,0.2129,92.3,96529
78,FashionMNIST,ResNet-18,16,Adam,0.0001,TRUE,5,0.1417,94.93,0.1944,93.27,96606
79,FashionMNIST,ResNet-18,16,Adam,0.0001,FALSE,1,0.4133,85.03,0.2705,90.01,102656
79,FashionMNIST,ResNet-18,16,Adam,0.0001,FALSE,2,0.2542,90.92,0.2261,91.93,102306
79,FashionMNIST,ResNet-18,16,Adam,0.0001,FALSE,3,0.2066,92.7,0.2303,91.71,102550
79,FashionMNIST,ResNet-18,16,Adam,0.0001,FALSE,4,0.1707,93.89,0.2121,92.44,102789
79,FashionMNIST,ResNet-18,16,Adam,0.0001,FALSE,5,0.137,95.03,0.317,89.54,102869
79,FashionMNIST,ResNet-18,16,Adam,0.0001,FALSE,6,0.1067,96.13,0.2271,92.71,102927
79,FashionMNIST,ResNet-18,16,Adam,0.0001,FALSE,7,0.0791,97.28,0.2264,92.93,102727
80,FashionMNIST,ResNet-18,16,Adam,0.0001,TRUE,1,0.4252,84.75,0.2502,90.87,96742
80,FashionMNIST,ResNet-18,16,Adam,0.0001,TRUE,2,0.26,90.68,0.2344,91.54,96609
80,FashionMNIST,ResNet-18,16,Adam,0.0001,TRUE,3,0.2121,92.35,0.1893,93.59,96774
80,FashionMNIST,ResNet-18,16,Adam,0.0001,TRUE,4,0.1749,93.77,0.2167,92.2,96734
80,FashionMNIST,ResNet-18,16,Adam,0.0001,TRUE,5,0.1435,94.85,0.2068,92.6,96659
80,FashionMNIST,ResNet-18,16,Adam,0.0001,TRUE,6,0.1099,96.14,0.1985,93.11,97055
80,FashionMNIST,ResNet-18,16,Adam,0.0001,TRUE,7,0.0818,97.13,0.2077,93.41,96940
81,FashionMNIST,ResNet-18,32,SGD,0.001,FALSE,1,0.6506,77.33,0.3952,85.3,86286
81,FashionMNIST,ResNet-18,32,SGD,0.001,FALSE,2,0.3438,87.54,0.3062,89.09,85356
81,FashionMNIST,ResNet-18,32,SGD,0.001,FALSE,3,0.2761,89.99,0.2909,89.56,85450
81,FashionMNIST,ResNet-18,32,SGD,0.001,FALSE,4,0.2363,91.61,0.2412,91.36,85451
81,FashionMNIST,ResNet-18,32,SGD,0.001,FALSE,5,0.2022,92.84,0.2533,90.97,85462
82,FashionMNIST,ResNet-18,32,SGD,0.001,TRUE,1,0.667,76.89,0.7659,72.24,81922
82,FashionMNIST,ResNet-18,32,SGD,0.001,TRUE,2,0.3492,87.42,0.3229,89.01,82031
82,FashionMNIST,ResNet-18,32,SGD,0.001,TRUE,3,0.2762,90.05,0.2987,88.97,82113
82,FashionMNIST,ResNet-18,32,SGD,0.001,TRUE,4,0.2365,91.59,0.2763,90.06,82229
82,FashionMNIST,ResNet-18,32,SGD,0.001,TRUE,5,0.2046,92.67,0.2604,90.63,81996
83,FashionMNIST,ResNet-18,32,SGD,0.001,FALSE,1,0.6664,76.52,0.4091,84.64,85477
83,FashionMNIST,ResNet-18,32,SGD,0.001,FALSE,2,0.3564,87.02,0.3982,85.3,85303
83,FashionMNIST,ResNet-18,32,SGD,0.001,FALSE,3,0.2854,89.89,0.2999,89.04,85439
83,FashionMNIST,ResNet-18,32,SGD,0.001,FALSE,4,0.2384,91.47,0.2781,89.69,85415
83,FashionMNIST,ResNet-18,32,SGD,0.001,FALSE,5,0.2073,92.54,0.2636,90.56,85343
83,FashionMNIST,ResNet-18,32,SGD,0.001,FALSE,6,0.177,93.8,0.2284,91.44,85369
83,FashionMNIST,ResNet-18,32,SGD,0.001,FALSE,7,0.1474,94.75,0.2863,89.89,85414
84,FashionMNIST,ResNet-18,32,SGD,0.001,TRUE,1,0.6493,77.08,0.467,83.03,82096
84,FashionMNIST,ResNet-18,32,SGD,0.001,TRUE,2,0.3441,87.52,0.2909,89.27,82125
84,FashionMNIST,ResNet-18,32,SGD,0.001,TRUE,3,0.2741,90.2,0.2609,90.89,82089
84,FashionMNIST,ResNet-18,32,SGD,0.001,TRUE,4,0.2342,91.7,0.2456,90.84,82174
84,FashionMNIST,ResNet-18,32,SGD,0.001,TRUE,5,0.2028,92.81,0.2289,91.7,82199
84,FashionMNIST,ResNet-18,32,SGD,0.001,TRUE,6,0.1746,93.76,0.238,91,82122
84,FashionMNIST,ResNet-18,32,SGD,0.001,TRUE,7,0.1469,94.76,0.2352,91.91,81702
85,FashionMNIST,ResNet-18,32,SGD,0.0001,FALSE,1,1.4079,59.6,0.9005,72.96,85415
85,FashionMNIST,ResNet-18,32,SGD,0.0001,FALSE,2,0.7967,74.18,0.6647,77.56,85432
85,FashionMNIST,ResNet-18,32,SGD,0.0001,FALSE,3,0.6328,78.06,0.5486,80.54,85440
85,FashionMNIST,ResNet-18,32,SGD,0.0001,FALSE,4,0.538,81.35,0.5433,81.83,85500
85,FashionMNIST,ResNet-18,32,SGD,0.0001,FALSE,5,0.4741,83.59,0.4954,82.31,85513
86,FashionMNIST,ResNet-18,32,SGD,0.0001,TRUE,1,1.4144,60.2,0.9229,72.86,81917
86,FashionMNIST,ResNet-18,32,SGD,0.0001,TRUE,2,0.7913,74.49,0.7459,73.7,82028
86,FashionMNIST,ResNet-18,32,SGD,0.0001,TRUE,3,0.6291,78.07,0.5644,79.94,82074
86,FashionMNIST,ResNet-18,32,SGD,0.0001,TRUE,4,0.54,80.95,0.5103,81.61,82202
86,FashionMNIST,ResNet-18,32,SGD,0.0001,TRUE,5,0.4788,83.3,0.4472,84.5,82044
87,FashionMNIST,ResNet-18,32,SGD,0.0001,FALSE,1,1.3485,60.97,0.8833,72.9,85568
87,FashionMNIST,ResNet-18,32,SGD,0.0001,FALSE,2,0.7981,73.53,0.6723,75.96,85359
87,FashionMNIST,ResNet-18,32,SGD,0.0001,FALSE,3,0.6437,77.43,0.5707,78.96,85374
87,FashionMNIST,ResNet-18,32,SGD,0.0001,FALSE,4,0.5542,80.43,0.4949,82.01,85560
87,FashionMNIST,ResNet-18,32,SGD,0.0001,FALSE,5,0.4928,82.65,0.4409,84.21,85501
87,FashionMNIST,ResNet-18,32,SGD,0.0001,FALSE,6,0.4446,84.56,0.4051,85.81,85546
87,FashionMNIST,ResNet-18,32,SGD,0.0001,FALSE,7,0.4066,86.01,0.4037,85.87,85486
88,FashionMNIST,ResNet-18,32,SGD,0.0001,TRUE,1,1.3491,61.19,0.9224,72.76,81803
88,FashionMNIST,ResNet-18,32,SGD,0.0001,TRUE,2,0.771,76.07,0.6628,77.57,81982
88,FashionMNIST,ResNet-18,32,SGD,0.0001,TRUE,3,0.6076,79.33,0.5742,80.56,81823
88,FashionMNIST,ResNet-18,32,SGD,0.0001,TRUE,4,0.5222,81.86,0.5058,82.57,81914
88,FashionMNIST,ResNet-18,32,SGD,0.0001,TRUE,5,0.4666,83.73,0.4915,82.39,82142
88,FashionMNIST,ResNet-18,32,SGD,0.0001,TRUE,6,0.4281,84.94,0.4071,85.77,81639
88,FashionMNIST,ResNet-18,32,SGD,0.0001,TRUE,7,0.396,86.19,0.3878,86.01,81620
89,FashionMNIST,ResNet-18,32,Adam,0.001,FALSE,1,0.4597,83.2,0.2925,89.36,88577
89,FashionMNIST,ResNet-18,32,Adam,0.001,FALSE,2,0.2828,89.77,0.2407,91,88384
89,FashionMNIST,ResNet-18,32,Adam,0.001,FALSE,3,0.2365,91.47,0.2402,91.86,88184
89,FashionMNIST,ResNet-18,32,Adam,0.001,FALSE,4,0.2065,92.54,0.2113,92.41,87969
89,FashionMNIST,ResNet-18,32,Adam,0.001,FALSE,5,0.1772,93.62,0.2115,92.4,88046
90,FashionMNIST,ResNet-18,32,Adam,0.001,TRUE,1,0.4464,83.78,0.3384,87.59,84738
90,FashionMNIST,ResNet-18,32,Adam,0.001,TRUE,2,0.28,89.93,0.556,81.14,84532
90,FashionMNIST,ResNet-18,32,Adam,0.001,TRUE,3,0.2366,91.37,0.2281,91.71,84526
90,FashionMNIST,ResNet-18,32,Adam,0.001,TRUE,4,0.2065,92.41,0.2228,92.27,84571
90,FashionMNIST,ResNet-18,32,Adam,0.001,TRUE,5,0.1754,93.6,0.1883,93.47,84511
91,FashionMNIST,ResNet-18,32,Adam,0.001,FALSE,1,0.4453,83.72,0.3518,86.79,88332
91,FashionMNIST,ResNet-18,32,Adam,0.001,FALSE,2,0.2825,89.76,0.2486,91.16,88228
91,FashionMNIST,ResNet-18,32,Adam,0.001,FALSE,3,0.2393,91.34,0.2571,91.16,88256
91,FashionMNIST,ResNet-18,32,Adam,0.001,FALSE,4,0.2071,92.54,0.2483,91.26,88295
91,FashionMNIST,ResNet-18,32,Adam,0.001,FALSE,5,0.1773,93.46,0.2073,92.66,88375
91,FashionMNIST,ResNet-18,32,Adam,0.001,FALSE,6,0.1522,94.43,0.2287,92.39,88265
91,FashionMNIST,ResNet-18,32,Adam,0.001,FALSE,7,0.1237,95.56,0.203,93.19,88107
92,FashionMNIST,ResNet-18,32,Adam,0.001,TRUE,1,0.4355,84.01,0.318,88.66,84566
92,FashionMNIST,ResNet-18,32,Adam,0.001,TRUE,2,0.2775,89.87,0.2599,90.89,84721
92,FashionMNIST,ResNet-18,32,Adam,0.001,TRUE,3,0.2343,91.62,0.227,91.99,84668
92,FashionMNIST,ResNet-18,32,Adam,0.001,TRUE,4,0.2044,92.45,0.2669,90.63,84242
92,FashionMNIST,ResNet-18,32,Adam,0.001,TRUE,5,0.1764,93.7,0.2072,92.91,84256
92,FashionMNIST,ResNet-18,32,Adam,0.001,TRUE,6,0.1502,94.5,0.2095,92.5,84377
92,FashionMNIST,ResNet-18,32,Adam,0.001,TRUE,7,0.1207,95.63,0.2047,93.06,84358
93,FashionMNIST,ResNet-18,32,Adam,0.0001,FALSE,1,0.4204,84.9,0.3038,89.23,88708
93,FashionMNIST,ResNet-18,32,Adam,0.0001,FALSE,2,0.2494,91.06,0.2368,91.66,88509
93,FashionMNIST,ResNet-18,32,Adam,0.0001,FALSE,3,0.1981,92.91,0.2813,89.84,88341
93,FashionMNIST,ResNet-18,32,Adam,0.0001,FALSE,4,0.1587,94.16,0.2372,91.51,88397
93,FashionMNIST,ResNet-18,32,Adam,0.0001,FALSE,5,0.1265,95.49,0.2231,92.11,88281
94,FashionMNIST,ResNet-18,32,Adam,0.0001,TRUE,1,0.4209,84.84,0.278,89.94,84866
94,FashionMNIST,ResNet-18,32,Adam,0.0001,TRUE,2,0.252,90.92,0.2833,89.59,84810
94,FashionMNIST,ResNet-18,32,Adam,0.0001,TRUE,3,0.2005,92.73,0.2225,92.11,84708
94,FashionMNIST,ResNet-18,32,Adam,0.0001,TRUE,4,0.1666,93.96,0.1955,92.93,84700
94,FashionMNIST,ResNet-18,32,Adam,0.0001,TRUE,5,0.1314,95.29,0.2019,93,84815
95,FashionMNIST,ResNet-18,32,Adam,0.0001,FALSE,1,0.4186,84.94,0.2833,89.57,88747
95,FashionMNIST,ResNet-18,32,Adam,0.0001,FALSE,2,0.2483,91.19,0.2291,91.87,88591
95,FashionMNIST,ResNet-18,32,Adam,0.0001,FALSE,3,0.1976,93,0.2095,92.53,88371
95,FashionMNIST,ResNet-18,32,Adam,0.0001,FALSE,4,0.1589,94.24,0.2113,92.59,88275
95,FashionMNIST,ResNet-18,32,Adam,0.0001,FALSE,5,0.1219,95.56,0.1996,92.81,88438
95,FashionMNIST,ResNet-18,32,Adam,0.0001,FALSE,6,0.0913,96.69,0.2591,91.36,88669
95,FashionMNIST,ResNet-18,32,Adam,0.0001,FALSE,7,0.0669,97.68,0.2751,91.94,88511
96,FashionMNIST,ResNet-18,32,Adam,0.0001,TRUE,1,0.4215,84.68,0.2836,89.93,85000
96,FashionMNIST,ResNet-18,32,Adam,0.0001,TRUE,2,0.2508,90.89,0.2547,91.14,84934
96,FashionMNIST,ResNet-18,32,Adam,0.0001,TRUE,3,0.2012,92.67,0.2149,92.39,84912
96,FashionMNIST,ResNet-18,32,Adam,0.0001,TRUE,4,0.1656,93.99,0.2085,92.87,84937
96,FashionMNIST,ResNet-18,32,Adam,0.0001,TRUE,5,0.1326,95.1,0.2154,92.49,84865
96,FashionMNIST,ResNet-18,32,Adam,0.0001,TRUE,6,0.1015,96.27,0.2135,93.07,84923
96,FashionMNIST,ResNet-18,32,Adam,0.0001,TRUE,7,0.0726,97.48,0.2138,93.66,84908
97,FashionMNIST,ResNet-50,16,SGD,0.001,FALSE,1,0.8186,70.5,0.4103,85.06,245778
97,FashionMNIST,ResNet-50,16,SGD,0.001,FALSE,2,0.4067,85.64,0.3094,89.77,245650
97,FashionMNIST,ResNet-50,16,SGD,0.001,FALSE,3,0.3232,88.74,0.3209,88.71,245403
97,FashionMNIST,ResNet-50,16,SGD,0.001,FALSE,4,0.2682,90.51,0.284,90.23,245645
97,FashionMNIST,ResNet-50,16,SGD,0.001,FALSE,5,0.2291,91.98,0.2609,91.47,244923
98,FashionMNIST,ResNet-50,16,SGD,0.001,TRUE,1,0.8368,70.16,0.4083,85.91,240175
98,FashionMNIST,ResNet-50,16,SGD,0.001,TRUE,2,0.4099,85.45,0.3134,89.04,240473
98,FashionMNIST,ResNet-50,16,SGD,0.001,TRUE,3,0.3196,88.71,0.2866,89.83,239680
98,FashionMNIST,ResNet-50,16,SGD,0.001,TRUE,4,0.2683,90.49,0.2393,91.59,239898
98,FashionMNIST,ResNet-50,16,SGD,0.001,TRUE,5,0.2246,91.91,0.2493,91.36,239797
99,FashionMNIST,ResNet-50,16,SGD,0.001,FALSE,1,0.8121,70.66,0.4169,85.36,244605
99,FashionMNIST,ResNet-50,16,SGD,0.001,FALSE,2,0.4137,85.27,0.5022,84.61,244430
99,FashionMNIST,ResNet-50,16,SGD,0.001,FALSE,3,0.3275,88.36,0.2612,90.79,244729
99,FashionMNIST,ResNet-50,16,SGD,0.001,FALSE,4,0.2664,90.44,0.2411,91.91,245654
99,FashionMNIST,ResNet-50,16,SGD,0.001,FALSE,5,0.2268,92.01,0.2419,91.67,245348
99,FashionMNIST,ResNet-50,16,SGD,0.001,FALSE,6,0.1942,93.01,0.2597,91.4,244523
99,FashionMNIST,ResNet-50,16,SGD,0.001,FALSE,7,0.1606,94.24,0.2388,92.19,245159
100,FashionMNIST,ResNet-50,16,SGD,0.001,FALSE,1,0.8154,70.18,0.4233,84.87,237581
100,FashionMNIST,ResNet-50,16,SGD,0.001,TRUE,2,0.4194,85.03,0.3253,88.03,238212
100,FashionMNIST,ResNet-50,16,SGD,0.001,TRUE,3,0.3297,88.47,0.2821,89.97,239081
100,FashionMNIST,ResNet-50,16,SGD,0.001,TRUE,4,0.2684,90.42,0.2665,90.71,236912
100,FashionMNIST,ResNet-50,16,SGD,0.001,TRUE,5,0.2302,91.81,0.2458,91.54,237572
100,FashionMNIST,ResNet-50,16,SGD,0.001,TRUE,6,0.1952,92.93,0.2521,91.44,237572
100,FashionMNIST,ResNet-50,16,SGD,0.001,TRUE,7,0.1711,93.8,0.2871,90.59,237332
101,FashionMNIST,ResNet-50,16,SGD,0.0001,FALSE,1,1.4083,49.49,0.9309,67.64,242265
101,FashionMNIST,ResNet-50,16,SGD,0.0001,FALSE,2,0.8593,69.49,0.6997,73.67,242777
101,FashionMNIST,ResNet-50,16,SGD,0.0001,FALSE,3,0.672,75.5,0.5909,77.51,244452
101,FashionMNIST,ResNet-50,16,SGD,0.0001,FALSE,4,0.5733,79.02,0.5114,80.94,244326
101,FashionMNIST,ResNet-50,16,SGD,0.0001,FALSE,5,0.5098,81.37,0.4612,82.67,244241
102,FashionMNIST,ResNet-50,16,SGD,0.0001,TRUE,1,1.4279,47.35,0.9495,66.16,236089
102,FashionMNIST,ResNet-50,16,SGD,0.0001,TRUE,2,0.8903,67.77,0.7119,74.24,237712
102,FashionMNIST,ResNet-50,16,SGD,0.0001,TRUE,3,0.6978,74.48,0.5925,78.97,238624
102,FashionMNIST,ResNet-50,16,SGD,0.0001,TRUE,4,0.5856,78.4,0.5057,81.16,237832
102,FashionMNIST,ResNet-50,16,SGD,0.0001,TRUE,5,0.5022,81.55,0.4565,82.33,237940
103,FashionMNIST,ResNet-50,16,SGD,0.0001,FALSE,1,1.438,47.93,0.9373,67.17,242211
103,FashionMNIST,ResNet-50,16,SGD,0.0001,FALSE,2,0.8731,68.74,0.7406,73.44,242845
103,FashionMNIST,ResNet-50,16,SGD,0.0001,FALSE,3,0.6806,75.39,0.6134,77.37,243547
103,FashionMNIST,ResNet-50,16,SGD,0.0001,FALSE,4,0.5793,78.86,0.5091,80.74,243534
103,FashionMNIST,ResNet-50,16,SGD,0.0001,FALSE,5,0.5047,81.64,0.4469,84.04,244040
103,FashionMNIST,ResNet-50,16,SGD,0.0001,FALSE,6,0.4569,83.55,0.4011,85.53,243357
103,FashionMNIST,ResNet-50,16,SGD,0.0001,FALSE,7,0.4129,85.17,0.3704,86.89,244861
104,FashionMNIST,ResNet-50,16,SGD,0.0001,TRUE,1,1.4405,47.68,0.936,67.11,236188
104,FashionMNIST,ResNet-50,16,SGD,0.0001,TRUE,2,0.8845,68.3,0.7115,74.41,236236
104,FashionMNIST,ResNet-50,16,SGD,0.0001,TRUE,3,0.7014,74.77,0.5743,78.7,237335
104,FashionMNIST,ResNet-50,16,SGD,0.0001,TRUE,4,0.5805,78.8,0.5197,80.23,237063
104,FashionMNIST,ResNet-50,16,SGD,0.0001,TRUE,5,0.5036,81.67,0.4332,84.21,237786
104,FashionMNIST,ResNet-50,16,SGD,0.0001,TRUE,6,0.4412,83.86,0.3908,85.44,237246
104,FashionMNIST,ResNet-50,16,SGD,0.0001,TRUE,7,0.3996,85.48,0.3547,86.91,236457
105,FashionMNIST,ResNet-50,16,Adam,0.001,FALSE,1,0.5711,79.56,0.373,86.46,254260
105,FashionMNIST,ResNet-50,16,Adam,0.001,FALSE,2,0.3504,87.3,0.3099,88.43,253998
105,FashionMNIST,ResNet-50,16,Adam,0.001,FALSE,3,0.291,89.51,0.2642,89.87,256333
105,FashionMNIST,ResNet-50,16,Adam,0.001,FALSE,4,0.2563,90.75,0.2429,91.53,256626
105,FashionMNIST,ResNet-50,16,Adam,0.001,FALSE,5,0.2259,91.62,0.2263,91.56,255164
106,FashionMNIST,ResNet-50,16,Adam,0.001,TRUE,1,0.6006,78.49,0.4902,83.14,248393
106,FashionMNIST,ResNet-50,16,Adam,0.001,TRUE,2,0.3849,86.06,0.3085,89.24,247842
106,FashionMNIST,ResNet-50,16,Adam,0.001,TRUE,3,0.3088,88.77,1.6877,54.54,249188
106,FashionMNIST,ResNet-50,16,Adam,0.001,TRUE,4,0.2697,90.26,0.2744,90.2,249328
106,FashionMNIST,ResNet-50,16,Adam,0.001,TRUE,5,0.2378,91.34,0.2872,89.59,249515
107,FashionMNIST,ResNet-50,16,SGD,0.001,FALSE,1,0.8062,70.69,0.4444,84.5,237688
107,FashionMNIST,ResNet-50,16,SGD,0.001,FALSE,2,0.4196,85.18,0.3421,87.96,238336
107,FashionMNIST,ResNet-50,16,SGD,0.001,FALSE,3,0.3274,88.39,0.3286,88.6,238784
107,FashionMNIST,ResNet-50,16,SGD,0.001,FALSE,4,0.2701,90.39,0.3191,89.23,238632
107,FashionMNIST,ResNet-50,16,SGD,0.001,FALSE,5,0.2332,91.6,0.2547,91.54,238793
108,FashionMNIST,ResNet-50,16,SGD,0.001,TRUE,1,0.7992,71.04,0.7128,77.64,232917
108,FashionMNIST,ResNet-50,16,SGD,0.001,TRUE,2,0.4193,85.2,0.3384,88.34,232670
108,FashionMNIST,ResNet-50,16,SGD,0.001,TRUE,3,0.3285,88.45,0.263,90.41,232698
108,FashionMNIST,ResNet-50,16,SGD,0.001,TRUE,4,0.2681,90.42,0.2776,90.46,232572
108,FashionMNIST,ResNet-50,16,SGD,0.001,TRUE,5,0.2348,91.69,0.2429,91.37,232813
109,FashionMNIST,ResNet-50,16,SGD,0.001,FALSE,1,0.8272,70.18,0.4772,82.77,238188
109,FashionMNIST,ResNet-50,16,SGD,0.001,FALSE,2,0.4215,85.21,0.3321,88.44,238303
109,FashionMNIST,ResNet-50,16,SGD,0.001,FALSE,3,0.3255,88.48,0.2789,89.77,238388
109,FashionMNIST,ResNet-50,16,SGD,0.001,FALSE,4,0.2728,90.35,0.321,88.79,238588
109,FashionMNIST,ResNet-50,16,SGD,0.001,FALSE,5,0.232,91.81,0.2471,91.21,238644
109,FashionMNIST,ResNet-50,16,SGD,0.001,FALSE,6,0.2011,92.79,0.2843,91,238575
109,FashionMNIST,ResNet-50,16,SGD,0.001,FALSE,7,0.1667,94.07,0.2535,91.37,238528
110,FashionMNIST,ResNet-50,16,SGD,0.001,TRUE,1,0.8312,69.9,0.5589,80.49,232657
110,FashionMNIST,ResNet-50,16,SGD,0.001,TRUE,2,0.4123,85.49,0.4127,85.67,232836
110,FashionMNIST,ResNet-50,16,SGD,0.001,TRUE,3,0.3181,88.71,0.3115,89.66,232451
110,FashionMNIST,ResNet-50,16,SGD,0.001,TRUE,4,0.2695,90.47,0.2795,90.37,232642
110,FashionMNIST,ResNet-50,16,SGD,0.001,TRUE,5,0.2299,91.88,0.3147,89.39,232663
110,FashionMNIST,ResNet-50,16,SGD,0.001,TRUE,6,0.197,92.93,0.2735,91.04,232745
110,FashionMNIST,ResNet-50,16,SGD,0.001,TRUE,7,0.1608,94.27,0.3145,90.09,232708
111,FashionMNIST,ResNet-50,16,SGD,0.0001,FALSE,1,1.3766,49.1,0.9309,67.33,238920
111,FashionMNIST,ResNet-50,16,SGD,0.0001,FALSE,2,0.8693,68.24,0.7398,74.4,239152
111,FashionMNIST,ResNet-50,16,SGD,0.0001,FALSE,3,0.6914,74.55,0.5795,78.9,238824
111,FashionMNIST,ResNet-50,16,SGD,0.0001,FALSE,4,0.5777,78.68,0.4984,81.53,238452
111,FashionMNIST,ResNet-50,16,SGD,0.0001,FALSE,5,0.4972,81.94,0.4686,82.9,238261
112,FashionMNIST,ResNet-50,16,SGD,0.0001,TRUE,1,1.4658,45.99,0.9686,61.61,232807
112,FashionMNIST,ResNet-50,16,SGD,0.0001,TRUE,2,0.9062,66.49,0.7207,74.3,232996
112,FashionMNIST,ResNet-50,16,SGD,0.0001,TRUE,3,0.7096,73.85,0.5769,78.3,232872
112,FashionMNIST,ResNet-50,16,SGD,0.0001,TRUE,4,0.591,77.97,0.5178,80.29,232732
112,FashionMNIST,ResNet-50,16,SGD,0.0001,TRUE,5,0.5129,80.98,0.4359,83.93,232714
113,FashionMNIST,ResNet-50,16,SGD,0.0001,FALSE,1,1.453,47.29,0.9731,66.54,238786
113,FashionMNIST,ResNet-50,16,SGD,0.0001,FALSE,2,0.9065,67.06,0.7195,74.34,239234
113,FashionMNIST,ResNet-50,16,SGD,0.0001,FALSE,3,0.719,73.61,0.5879,78.2,238681
113,FashionMNIST,ResNet-50,16,SGD,0.0001,FALSE,4,0.5828,78.51,0.5163,80.49,238724
113,FashionMNIST,ResNet-50,16,SGD,0.0001,FALSE,5,0.4998,81.74,0.4627,82.83,239312
113,FashionMNIST,ResNet-50,16,SGD,0.0001,FALSE,6,0.438,84.2,0.3848,86.1,239121
113,FashionMNIST,ResNet-50,16,SGD,0.0001,FALSE,7,0.3912,85.87,0.35,87.66,239021
114,FashionMNIST,ResNet-50,16,SGD,0.0001,TRUE,1,1.4198,48.98,0.9184,66.83,232849
114,FashionMNIST,ResNet-50,16,SGD,0.0001,TRUE,2,0.8599,69.14,0.7228,72.51,232637
114,FashionMNIST,ResNet-50,16,SGD,0.0001,TRUE,3,0.6761,75.36,0.5534,79.73,232946
114,FashionMNIST,ResNet-50,16,SGD,0.0001,TRUE,4,0.5637,79.36,0.4839,82.17,232661
114,FashionMNIST,ResNet-50,16,SGD,0.0001,TRUE,5,0.4952,81.98,0.425,84.34,232763
114,FashionMNIST,ResNet-50,16,SGD,0.0001,TRUE,6,0.4383,84.07,0.4073,85.11,232568
114,FashionMNIST,ResNet-50,16,SGD,0.0001,TRUE,7,0.3935,85.77,0.3632,86.46,232332
115,FashionMNIST,ResNet-50,16,Adam,0.001,FALSE,1,0.5987,78.32,0.4343,83.24,250456
115,FashionMNIST,ResNet-50,16,Adam,0.001,FALSE,2,0.3661,86.9,0.2762,89.71,251045
115,FashionMNIST,ResNet-50,16,Adam,0.001,FALSE,3,0.2959,89.23,1.3521,59.47,250484
115,FashionMNIST,ResNet-50,16,Adam,0.001,FALSE,4,0.2576,90.6,0.2359,91.39,250198
115,FashionMNIST,ResNet-50,16,Adam,0.001,FALSE,5,0.23,91.58,0.3582,86.16,250214
116,FashionMNIST,ResNet-50,16,Adam,0.001,TRUE,1,0.5845,78.92,0.5941,78.41,244463
116,FashionMNIST,ResNet-50,16,Adam,0.001,TRUE,2,0.3474,87.49,0.3561,86.64,244167
116,FashionMNIST,ResNet-50,16,Adam,0.001,TRUE,3,0.2878,89.58,0.2623,90.6,244417
116,FashionMNIST,ResNet-50,16,Adam,0.001,TRUE,4,0.2503,90.97,0.2485,91.47,244012
116,FashionMNIST,ResNet-50,16,Adam,0.001,TRUE,5,0.2226,91.94,0.2412,91.33,244604
117,FashionMNIST,ResNet-50,16,Adam,0.001,FALSE,1,0.5951,78.9,0.3756,86.74,251548
117,FashionMNIST,ResNet-50,16,Adam,0.001,FALSE,2,0.3584,87.16,0.3163,88.16,251233
117,FashionMNIST,ResNet-50,16,Adam,0.001,FALSE,3,0.2997,89.24,0.3053,89.91,250125
117,FashionMNIST,ResNet-50,16,Adam,0.001,FALSE,4,0.2598,90.66,0.2391,90.96,250101
117,FashionMNIST,ResNet-50,16,Adam,0.001,FALSE,5,0.2278,91.7,0.2709,90.4,250273
117,FashionMNIST,ResNet-50,16,Adam,0.001,FALSE,6,0.202,92.71,0.2183,91.93,250131
117,FashionMNIST,ResNet-50,16,Adam,0.001,FALSE,7,0.179,93.36,0.1941,93.2,250004
118,FashionMNIST,ResNet-50,16,Adam,0.001,TRUE,1,0.5649,79.73,0.3419,88.13,244304
118,FashionMNIST,ResNet-50,16,Adam,0.001,TRUE,2,0.3345,87.97,0.3034,89.21,244135
118,FashionMNIST,ResNet-50,16,Adam,0.001,TRUE,3,0.2851,89.63,0.2765,90.3,244503
118,FashionMNIST,ResNet-50,16,Adam,0.001,TRUE,4,0.248,91.02,0.223,92.13,244509
118,FashionMNIST,ResNet-50,16,Adam,0.001,TRUE,5,0.22,91.97,0.28,90.39,244402
118,FashionMNIST,ResNet-50,16,Adam,0.001,TRUE,6,0.1953,92.83,0.222,92.19,244329
118,FashionMNIST,ResNet-50,16,Adam,0.001,TRUE,7,0.1749,93.57,0.2291,91.87,244336
119,FashionMNIST,ResNet-50,16,Adam,0.0001,FALSE,1,0.5445,79.82,0.3384,87.51,251174
119,FashionMNIST,ResNet-50,16,Adam,0.0001,FALSE,2,0.308,88.89,0.2724,90.7,251001
119,FashionMNIST,ResNet-50,16,Adam,0.0001,FALSE,3,0.2567,90.74,0.2536,91.03,251178
119,FashionMNIST,ResNet-50,16,Adam,0.0001,FALSE,4,0.2201,92.04,0.2077,92.44,251886
119,FashionMNIST,ResNet-50,16,Adam,0.0001,FALSE,5,0.189,93.14,0.2065,92.8,251476
120,FashionMNIST,ResNet-50,16,Adam,0.0001,TRUE,1,0.5453,79.99,0.3698,87.09,245221
120,FashionMNIST,ResNet-50,16,Adam,0.0001,TRUE,2,0.3172,88.59,0.5937,78.87,244912
120,FashionMNIST,ResNet-50,16,Adam,0.0001,TRUE,3,0.2606,90.56,0.2769,89.74,245530
120,FashionMNIST,ResNet-50,16,Adam,0.0001,TRUE,4,0.2226,91.93,0.2363,91.53,245267
120,FashionMNIST,ResNet-50,16,Adam,0.0001,TRUE,5,0.1926,92.92,0.3139,88.34,244990
121,FashionMNIST,ResNet-50,16,Adam,0.0001,FALSE,1,0.5472,79.76,0.3541,86.6,251332
121,FashionMNIST,ResNet-50,16,Adam,0.0001,FALSE,2,0.3147,88.67,0.27,90.03,251401
121,FashionMNIST,ResNet-50,16,Adam,0.0001,FALSE,3,0.2592,90.68,0.2501,90.8,251464
121,FashionMNIST,ResNet-50,16,Adam,0.0001,FALSE,4,0.2183,92.04,0.2254,91.9,251529
121,FashionMNIST,ResNet-50,16,Adam,0.0001,FALSE,5,0.1912,93.12,0.2481,91.37,251540
121,FashionMNIST,ResNet-50,16,Adam,0.0001,FALSE,6,0.1632,94.13,0.2096,92.71,250877
121,FashionMNIST,ResNet-50,16,Adam,0.0001,FALSE,7,0.1348,95.13,0.2062,92.71,251146
122,FashionMNIST,ResNet-50,16,Adam,0.0001,TRUE,1,0.5417,80.24,0.3708,86.89,244977
122,FashionMNIST,ResNet-50,16,Adam,0.0001,TRUE,2,0.309,88.85,0.2445,91.06,244853
122,FashionMNIST,ResNet-50,16,Adam,0.0001,TRUE,3,0.2542,90.76,0.2653,90.7,244924
122,FashionMNIST,ResNet-50,16,Adam,0.0001,TRUE,4,0.2178,92.14,0.2404,91.57,245833
122,FashionMNIST,ResNet-50,16,Adam,0.0001,TRUE,5,0.1873,93.3,0.2428,91.61,245772
122,FashionMNIST,ResNet-50,16,Adam,0.0001,TRUE,6,0.1595,94.39,0.1992,93.3,245824
122,FashionMNIST,ResNet-50,16,Adam,0.0001,TRUE,7,0.1316,95.22,0.2206,92.86,245241
123,FashionMNIST,ResNet-50,32,SGD,0.001,FALSE,1,0.9193,65.64,0.5533,79.41,223533
123,FashionMNIST,ResNet-50,32,SGD,0.001,FALSE,2,0.4733,82.71,0.4114,85.33,223495
123,FashionMNIST,ResNet-50,32,SGD,0.001,FALSE,3,0.3588,86.99,0.3313,88.31,222859
123,FashionMNIST,ResNet-50,32,SGD,0.001,FALSE,4,0.301,89.05,0.3087,89.56,222445
123,FashionMNIST,ResNet-50,32,SGD,0.001,FALSE,5,0.2601,90.54,0.3073,89.74,223137
124,FashionMNIST,ResNet-50,32,SGD,0.001,TRUE,1,0.9441,64.53,0.5821,77.64,218050
124,FashionMNIST,ResNet-50,32,SGD,0.001,TRUE,2,0.4807,82.4,0.4112,85.07,218053
124,FashionMNIST,ResNet-50,32,SGD,0.001,TRUE,3,0.3671,86.63,0.4161,85.14,218114
124,FashionMNIST,ResNet-50,32,SGD,0.001,TRUE,4,0.3108,88.91,0.447,84.11,217681
124,FashionMNIST,ResNet-50,32,SGD,0.001,TRUE,5,0.2629,90.54,0.2697,90.46,217891
125,FashionMNIST,ResNet-50,32,SGD,0.001,FALSE,1,0.8912,66.84,0.7484,75.64,223196
125,FashionMNIST,ResNet-50,32,SGD,0.001,FALSE,2,0.4519,83.57,0.3708,86.34,222925
125,FashionMNIST,ResNet-50,32,SGD,0.001,FALSE,3,0.3483,87.47,0.346,87.33,222961
125,FashionMNIST,ResNet-50,32,SGD,0.001,FALSE,4,0.2902,89.51,0.2965,89.41,223097
125,FashionMNIST,ResNet-50,32,SGD,0.001,FALSE,5,0.2522,90.85,0.3034,89.91,223079
125,FashionMNIST,ResNet-50,32,SGD,0.001,FALSE,6,0.2159,92.16,0.2951,89.73,223056
125,FashionMNIST,ResNet-50,32,SGD,0.001,FALSE,7,0.1838,93.36,0.2782,90.54,223016
126,FashionMNIST,ResNet-50,16,SGD,0.001,FALSE,1,0.8347,70.06,0.4335,84.56,243266
126,FashionMNIST,ResNet-50,16,SGD,0.001,FALSE,2,0.409,85.41,0.3325,88.13,240062
126,FashionMNIST,ResNet-50,16,SGD,0.001,FALSE,3,0.3156,88.86,0.2611,90.7,241664
126,FashionMNIST,ResNet-50,16,SGD,0.001,FALSE,4,0.2633,90.67,0.2204,92.16,241234
126,FashionMNIST,ResNet-50,16,SGD,0.001,FALSE,5,0.2232,91.94,0.2328,91.61,240907
127,FashionMNIST,ResNet-50,16,SGD,0.001,TRUE,1,0.8121,70.46,0.4563,84.19,233854
127,FashionMNIST,ResNet-50,16,SGD,0.001,TRUE,2,0.4006,85.87,0.3013,89.21,232746
127,FashionMNIST,ResNet-50,16,SGD,0.001,TRUE,3,0.3121,89.01,0.2932,90.17,234010
127,FashionMNIST,ResNet-50,16,SGD,0.001,TRUE,4,0.2676,90.57,0.327,88.73,234795
127,FashionMNIST,ResNet-50,16,SGD,0.001,TRUE,5,0.2227,92.08,0.3315,89.67,234836
128,FashionMNIST,ResNet-50,16,SGD,0.001,FALSE,1,0.8203,70.57,0.4514,83.59,239903
128,FashionMNIST,ResNet-50,16,SGD,0.001,FALSE,2,0.4067,85.48,0.3045,89.14,240646
128,FashionMNIST,ResNet-50,16,SGD,0.001,FALSE,3,0.3103,88.91,0.3404,87.84,241877
128,FashionMNIST,ResNet-50,16,SGD,0.001,FALSE,4,0.2615,90.68,0.3507,89,240816
128,FashionMNIST,ResNet-50,16,SGD,0.001,FALSE,5,0.2246,91.94,0.2703,90.91,242692
128,FashionMNIST,ResNet-50,16,SGD,0.001,FALSE,6,0.1879,93.22,0.2497,91.91,241014
128,FashionMNIST,ResNet-50,16,SGD,0.001,FALSE,7,0.1633,94.05,0.2712,91.37,241543
